{"features": [6, 7, 8, 11, 12, 13, 15, 16, 17, 18, 19, 21, 24, 25], "baseline_state": [0.2259036144578488, 0.35011990407674176, 0.3106009453072254, 0.6167471819645698, 0.1515151515150137, 0.14565197882078706, 0.29166666666666785, 0.7121535181236567, 0.2205882352941444, 0.19062854783775407, 0.32512504809542264, 0.3333333333333357, 0.5658914728682127, 0.7096106048053059]}